{
	"format_version": "1.8.0",
	"animations": {
		"rightswing": {
			"animation_length": 0.375,
			"bones": {
				"slicegroup": {
					"rotation": {
						"0.0417": {
							"vector": [9.40503, -29.01593, 16.22065]
						},
						"0.125": {
							"vector": [-159.01606, -43.66539, 178.97198]
						}
					},
					"position": {
						"0.0417": {
							"vector": [-13, 6, -8]
						},
						"0.125": {
							"vector": [16, -2, 0]
						}
					},
					"scale": {
						"0.0": {
							"vector": [0, 0, 0]
						},
						"0.0417": {
							"vector": [0.9, 2.6, 1]
						},
						"0.125": {
							"vector": [0.9, 2.6, 1]
						},
						"0.2083": {
							"vector": [0, 0, 0]
						}
					}
				}
			}
		}
	}
}