{
	"format_version": "1.8.0",
	"animations": {
		"burst": {
			"animation_length": 0.5417,
			"bones": {
				"torso": {
					"rotation": {
						"vector": [0, 0, 0]
					},
					"position": {
						"vector": [0, 0, 0]
					}
				},
				"head": {
					"rotation": {
						"0.0": {
							"vector": [0, 0, 0]
						},
						"0.0833": {
							"vector": [75, 0, 0]
						},
						"0.1667": {
							"vector": [75, 0, 0]
						},
						"0.25": {
							"vector": [75, 0, 0]
						},
						"0.3333": {
							"vector": [75, 0, 0]
						},
						"0.4583": {
							"vector": [0, 0, 0]
						}
					},
					"position": {
						"0.0": {
							"vector": [0, 0, 0]
						},
						"0.0833": {
							"vector": [0, 0, 0]
						},
						"0.1667": {
							"vector": [0, 0, 0]
						},
						"0.25": {
							"vector": [0, 0, 0]
						},
						"0.3333": {
							"vector": [0, 0, 0]
						}
					}
				},
				"left_arm": {
					"relative_to": {
						"rotation": "entity"
					},
					"rotation": {
						"0.0": {
							"vector": [0, 0, 0]
						},
						"0.0833": {
							"vector": [-73.53291, 24.63257, 17.25457]
						},
						"0.1667": {
							"vector": [-73.53291, 24.63257, 17.25457]
						},
						"0.25": {
							"vector": [-73.53291, 24.63257, 17.25457]
						},
						"0.3333": {
							"vector": [-73.53291, 24.63257, 17.25457]
						},
						"0.4583": {
							"vector": [-48.2367, -15.18892, -63.16783]
						}
					},
					"position": {
						"vector": [0, 0, 0]
					}
				},
				"right_leg": {
					"rotation": {
						"0.0": {
							"vector": [0, 0, 0]
						},
						"0.0833": {
							"vector": [15, 0, 0]
						},
						"0.1667": {
							"vector": [15, 0, 0]
						},
						"0.25": {
							"vector": [15, 0, 0]
						},
						"0.3333": {
							"vector": [15, 0, 0]
						},
						"0.4583": {
							"vector": [-15.18892, 63.16783, 0]
						}
					},
					"position": {
						"0.0": {
							"vector": [0, 0, 0]
						},
						"0.0833": {
							"vector": [0, 5, -2]
						},
						"0.1667": {
							"vector": [0, 5, -2]
						},
						"0.25": {
							"vector": [0, 5, -2]
						},
						"0.3333": {
							"vector": [0, 5, -2]
						},
						"0.4583": {
							"vector": [0, 0, 0]
						}
					}
				},
				"left_leg": {
					"relative_to": {
						"rotation": "entity"
					},
					"rotation": {
						"0.0": {
							"vector": [0, 0, 0]
						},
						"0.0833": {
							"vector": [15, 0, 0]
						},
						"0.1667": {
							"vector": [15, 0, 0]
						},
						"0.25": {
							"vector": [15, 0, 0]
						},
						"0.3333": {
							"vector": [15, 0, 0]
						},
						"0.4583": {
							"vector": [15.18892, 63.16783, 0]
						}
					},
					"position": {
						"0.0": {
							"vector": [0, 0, 0]
						},
						"0.0833": {
							"vector": [0, 5, 0]
						},
						"0.1667": {
							"vector": [0, 5, 0]
						},
						"0.25": {
							"vector": [0, 5, 0]
						},
						"0.3333": {
							"vector": [0, 5, 0]
						},
						"0.4583": {
							"vector": [0, 0, 0],
							"easing": "linear"
						}
					}
				},
				"right_arm": {
					"relative_to": {
						"rotation": "entity"
					},
					"rotation": {
						"0.0": {
							"vector": [0, 0, 0]
						},
						"0.0833": {
							"vector": [-72.54071, -35.60742, -18.81661]
						},
						"0.1667": {
							"vector": [-72.54071, -35.60742, -18.81661]
						},
						"0.25": {
							"vector": [-72.54071, -35.60742, -18.81661]
						},
						"0.3333": {
							"vector": [-72.54071, -35.60742, -18.81661]
						},
						"0.4583": {
							"vector": [-48.2367, 15.18892, 63.16783]
						}
					},
					"position": {
						"vector": [0, 0, 0]
					}
				}
			}
		}
	}
}