{
	"format_version": "1.8.0",
	"animations": {
		"chop": {
			"animation_length": 1.2917,
			"bones": {
				"body": {
					"rotation": {
						"0.0": {
							"vector": [0, 0, 0]
						},
						"0.125": {
							"vector": [0, 0, 0]
						},
						"0.25": {
							"vector": [-17.5, 0, 0]
						},
						"0.3333": {
							"vector": [-17.5, 0, 0]
						},
						"0.4583": {
							"vector": [7.5, 0, 0]
						},
						"0.7083": {
							"vector": [7.5, 0, 0]
						},
						"0.8333": {
							"vector": [-17.5, 0, 0]
						},
						"0.9583": {
							"vector": [-17.5, 0, 0]
						},
						"1.0833": {
							"vector": [-17.5, 0, 0]
						},
						"1.2917": {
							"vector": [0, 0, 0]
						}
					},
					"position": {
						"0.0": {
							"vector": [0, 0, 0]
						},
						"0.125": {
							"vector": [0, 2.5, 3.5]
						},
						"0.25": {
							"vector": [0, 1, 7]
						},
						"0.3333": {
							"vector": [0, 1, 7]
						},
						"0.4583": {
							"vector": [0, 2, -10]
						},
						"0.7083": {
							"vector": [0, 2, -10]
						},
						"0.8333": {
							"vector": [0, 1, -6]
						},
						"0.9583": {
							"vector": [0, 1, -6]
						},
						"1.0833": {
							"vector": [0, 1, -6]
						},
						"1.2917": {
							"vector": [0, 0, 0]
						}
					}
				},
				"torso": {
					"rotation": {
						"0.0": {
							"vector": [0, 0, 0]
						},
						"0.0833": {
							"vector": [0, -15, 0]
						},
						"0.25": {
							"vector": [0, -20, 0]
						},
						"0.375": {
							"vector": [0, 20, 0]
						}
					}
				},
				"right_arm": {
					"rotation": {
						"0.0": {
							"vector": [0, 0, 0]
						},
						"0.0833": {
							"vector": [-133.48866, -13.34169, 120.8533]
						},
						"0.25": {
							"vector": [-146.5767, -12.64297, 108.20699]
						},
						"0.375": {
							"vector": [26.09783, -26.07224, 112.2339]
						},
						"0.4167": {
							"vector": [33.59783, -26.07224, 112.2339]
						},
						"0.5": {
							"vector": [26.09783, -26.07224, 112.2339]
						},
						"0.625": {
							"vector": [26.09783, -26.07224, 112.2339]
						},
						"0.8333": {
							"vector": [0, 0, 0]
						}
					}
				}
			}
		}
	}
}